,Threshold,True_Positives,False_Positives
0,7.0102195542365004,0.0,0.0
1,6.0102195542365004,0.0013966480446927375,0.0
2,5.943230010652998,0.0013966480446927375,0.00010034115994380895
3,5.840245646392334,0.004189944134078212,0.00010034115994380895
4,5.7957074971395,0.004189944134078212,0.00030102347983142685
5,5.761941116944668,0.00558659217877095,0.00030102347983142685
6,5.656206388074748,0.00558659217877095,0.0011037527593818985
7,5.653787841404332,0.008379888268156424,0.0011037527593818985
8,5.6399109954785,0.008379888268156424,0.0012040939193257074
9,5.6315396908065,0.009776536312849162,0.0012040939193257074
10,5.569123902075501,0.009776536312849162,0.00190648203893237
11,5.5686762721330005,0.0111731843575419,0.00190648203893237
12,5.482746309490999,0.0111731843575419,0.0034115994380895043
13,5.4798107408635,0.012569832402234637,0.0034115994380895043
14,5.471781734098751,0.012569832402234637,0.00381296407786474
15,5.466196198884332,0.015363128491620111,0.00381296407786474
16,5.458686999252998,0.015363128491620111,0.004113987557696167
17,5.456702301041499,0.01675977653631285,0.004113987557696167
18,5.4432986643979975,0.01675977653631285,0.004615693357415212
19,5.4410350196319985,0.018156424581005588,0.004615693357415212
20,5.434291248365582,0.018156424581005588,0.005217740317078065
21,5.422484125143833,0.019553072625698324,0.005217740317078065
22,5.421478687685998,0.019553072625698324,0.005318081477021875
23,5.420279633891998,0.02094972067039106,0.005318081477021875
24,5.419662334699999,0.02094972067039106,0.005418422636965683
25,5.4186364489845005,0.0223463687150838,0.005418422636965683
26,5.4153901510935,0.0223463687150838,0.005619104956853301
27,5.414826754425,0.023743016759776536,0.005619104956853301
28,5.3982518684724985,0.023743016759776536,0.006522175396347582
29,5.396691504021833,0.025139664804469275,0.006522175396347582
30,5.383787853882333,0.025139664804469275,0.007224563515954244
31,5.3831308121385,0.02653631284916201,0.007224563515954244
32,5.3811000096749995,0.02653631284916201,0.007425245835841862
33,5.380473050821999,0.029329608938547486,0.007425245835841862
34,5.340109645525001,0.029329608938547486,0.00963275135460566
35,5.338785840908499,0.030726256983240222,0.00963275135460566
36,5.330871726424,0.030726256983240222,0.01063616295404375
37,5.3277813585809985,0.03212290502793296,0.01063616295404375
38,5.312144776858832,0.03212290502793296,0.012341962673088501
39,5.309286738509165,0.0335195530726257,0.012341962673088501
40,5.3041493762145,0.0335195530726257,0.012843668472807546
41,5.301474839577501,0.034916201117318434,0.012843668472807546
42,5.2977568188845,0.034916201117318434,0.013245033112582781
43,5.295678711759999,0.03770949720670391,0.013245033112582781
44,5.294058267807499,0.03770949720670391,0.01334537427252659
45,5.293201847056499,0.03910614525139665,0.01334537427252659
46,5.286573988258,0.03910614525139665,0.014148103552077062
47,5.286097025516,0.040502793296089384,0.014148103552077062
48,5.285716015368499,0.040502793296089384,0.01434878587196468
49,5.284924367736166,0.04189944134078212,0.01434878587196468
50,5.283160902196,0.04189944134078212,0.014449127031908489
51,5.283035327021747,0.04329608938547486,0.014449127031908489
52,5.279228526184499,0.04329608938547486,0.014750150511739916
53,5.278916933279999,0.0446927374301676,0.014750150511739916
54,5.27843783108975,0.0446927374301676,0.014850491671683725
55,5.2776758193535,0.046089385474860335,0.014850491671683725
56,5.277356680638,0.046089385474860335,0.015051173991571343
57,5.276864650035,0.04748603351955307,0.015051173991571343
58,5.272346739044999,0.04748603351955307,0.015352197471402769
59,5.271999059796332,0.04888268156424581,0.015352197471402769
60,5.2461295169244995,0.04888268156424581,0.0179610676299418
61,5.245031434151667,0.05027932960893855,0.0179610676299418
62,5.2440920285924175,0.05027932960893855,0.018061408789885613
63,5.2431409053845,0.051675977653631286,0.018061408789885613
64,5.2337473187639985,0.051675977653631286,0.019666867348986556
65,5.231354500325833,0.055865921787709494,0.019666867348986556
66,5.2285328248705,0.055865921787709494,0.019767208508930365
67,5.2269788650593325,0.05726256983240224,0.019767208508930365
68,5.223557487509665,0.05726256983240224,0.020369255468593216
69,5.222735548728499,0.05865921787709497,0.020369255468593216
70,5.221240470974165,0.05865921787709497,0.020469596628537028
71,5.219561578927499,0.06005586592178771,0.020469596628537028
72,5.2021836834445,0.06005586592178771,0.022376078667469396
73,5.201178663067363,0.06284916201117319,0.022376078667469396
74,5.1907990473581656,0.06284916201117319,0.024382901866345574
75,5.1906393542738325,0.06424581005586592,0.024382901866345574
76,5.1889303645751665,0.06424581005586592,0.02478426650612081
77,5.188822656009644,0.06564245810055866,0.02478426650612081
78,5.183329738975999,0.06564245810055866,0.025285972305839857
79,5.183043128020082,0.0670391061452514,0.025285972305839857
80,5.178697404566333,0.0670391061452514,0.025586995785671283
81,5.1782042487104984,0.06843575418994413,0.025586995785671283
82,5.178147022518499,0.06843575418994413,0.02568733694561509
83,5.177740641269748,0.06983240223463687,0.02568733694561509
84,5.172990630849,0.06983240223463687,0.026189042745334137
85,5.172969443254167,0.0712290502793296,0.026189042745334137
86,5.17182923258,0.0712290502793296,0.026389725065221754
87,5.171620154025168,0.07262569832402235,0.026389725065221754
88,5.1683714999138335,0.07262569832402235,0.027192454344772226
89,5.168273469072001,0.07402234636871509,0.027192454344772226
90,5.164141365503112,0.07402234636871509,0.02749347782460365
91,5.16342303103625,0.07541899441340782,0.02749347782460365
92,5.163323250863,0.07541899441340782,0.02759381898454746
93,5.163028945348668,0.07681564245810056,0.02759381898454746
94,5.161866840220166,0.07681564245810056,0.02779450130443508
95,5.160530757866144,0.0782122905027933,0.02779450130443508
96,5.146530529824999,0.0782122905027933,0.029500301023479832
97,5.146001398669999,0.08100558659217877,0.029500301023479832
98,5.142027646881332,0.08100558659217877,0.03060405378286173
99,5.141813996781999,0.0824022346368715,0.03060405378286173
100,5.137324089504,0.0824022346368715,0.031206100742524584
101,5.1372572439932345,0.08379888268156424,0.031206100742524584
102,5.134144336962501,0.08379888268156424,0.03170780654224363
103,5.133581651067058,0.08519553072625698,0.03170780654224363
104,5.127605022568665,0.08519553072625698,0.03321292394140076
105,5.12640106796,0.08798882681564246,0.03321292394140076
106,5.123030080285499,0.08798882681564246,0.034015653220951236
107,5.1228408318625,0.0893854748603352,0.034015653220951236
108,5.120017844566417,0.0893854748603352,0.03501906482038932
109,5.1196264105991665,0.09078212290502793,0.03501906482038932
110,5.114230117878,0.09078212290502793,0.036022476419827414
111,5.113431298318999,0.0935754189944134,0.036022476419827414
112,5.110786831683499,0.0935754189944134,0.03642384105960265
113,5.109890804867499,0.09497206703910614,0.03642384105960265
114,5.1098847897169986,0.09497206703910614,0.03652418221954646
115,5.109279301360499,0.09636871508379888,0.03652418221954646
116,5.106799079018749,0.09636871508379888,0.03732691149909693
117,5.1066190864247485,0.09776536312849161,0.03732691149909693
118,5.1053543888821435,0.09776536312849161,0.03762793497892836
119,5.105273758041238,0.09916201117318436,0.03762793497892836
120,5.105175360845242,0.09916201117318436,0.03772827613887217
121,5.104846890559499,0.10195530726256984,0.03772827613887217
122,5.09620816307,0.10195530726256984,0.03943407585791692
123,5.093351365427,0.10614525139664804,0.03943407585791692
124,5.089476234390999,0.10614525139664804,0.04083885209713024
125,5.0884556774854985,0.10754189944134078,0.04083885209713024
126,5.083142034645,0.10754189944134078,0.04194260485651214
127,5.0821949621765015,0.10893854748603352,0.04194260485651214
128,5.0821410679218335,0.10893854748603352,0.04214328717639976
129,5.08143010872025,0.11033519553072625,0.04214328717639976
130,5.0791368045795,0.11033519553072625,0.04284567529600642
131,5.0791270531605,0.11173184357541899,0.04284567529600642
132,5.078488461728833,0.11173184357541899,0.04294601645595023
133,5.0767608996745,0.11312849162011174,0.04294601645595023
134,5.075685319531667,0.11312849162011174,0.043247039935781655
135,5.075452957514,0.11452513966480447,0.043247039935781655
136,5.068539796430071,0.11452513966480447,0.04435079269516356
137,5.068107108337499,0.11592178770949721,0.04435079269516356
138,5.066428241497916,0.11592178770949721,0.04465181617499498
139,5.066281895574332,0.11731843575418995,0.04465181617499498
140,5.0651241601602495,0.11731843575418995,0.0448524984948826
141,5.064833888928,0.11871508379888268,0.0448524984948826
142,5.0619176124916665,0.11871508379888268,0.045454545454545456
143,5.060182179351499,0.12011173184357542,0.045454545454545456
144,5.058504190619,0.12011173184357542,0.04565522777443307
145,5.0584434213525,0.12150837988826815,0.04565522777443307
146,5.054177936531166,0.12150837988826815,0.04675898053381497
147,5.0538496620855,0.12290502793296089,0.04675898053381497
148,5.0520928044625,0.12290502793296089,0.047160345173590204
149,5.051782079565999,0.12430167597765363,0.047160345173590204
150,5.049956829047999,0.12430167597765363,0.04796307445314068
151,5.049449734022083,0.1270949720670391,0.04796307445314068
152,5.046260127031499,0.1270949720670391,0.04896648605257877
153,5.0454085160613324,0.12849162011173185,0.04896648605257877
154,5.040416450873499,0.12849162011173185,0.050571944611679714
155,5.040359532816833,0.12988826815642457,0.050571944611679714
156,5.038839940783166,0.12988826815642457,0.050872968091511137
157,5.038666919184251,0.13128491620111732,0.050872968091511137
158,5.037368889757,0.13128491620111732,0.05127433273128637
159,5.0369826797205,0.1340782122905028,0.05127433273128637
160,5.0343247999126675,0.1340782122905028,0.052077062010836846
161,5.034243992579,0.13547486033519554,0.052077062010836846
162,5.034105368126584,0.13547486033519554,0.05217740317078066
163,5.0333590791462495,0.13687150837988826,0.05217740317078066
164,5.027012772731833,0.13687150837988826,0.05398354404976922
165,5.0266886474599985,0.138268156424581,0.05398354404976922
166,5.026299457792248,0.138268156424581,0.05428456752960064
167,5.026214193097665,0.13966480446927373,0.05428456752960064
168,5.024154213090999,0.13966480446927373,0.05548866144892635
169,5.0241159144185,0.14106145251396648,0.05548866144892635
170,5.015508419775499,0.14106145251396648,0.058398555087296806
171,5.0149115971325,0.14385474860335196,0.058398555087296806
172,5.0148100416079995,0.14385474860335196,0.05849889624724062
173,5.014626832986,0.1452513966480447,0.05849889624724062
174,5.009394337680333,0.1452513966480447,0.060204695966285374
175,5.0092997188645,0.14664804469273743,0.060204695966285374
176,5.0090655494365,0.14664804469273743,0.06040537828617299
177,5.008879352479964,0.14804469273743018,0.06040537828617299
178,5.007750375962,0.14804469273743018,0.060806742925948225
179,5.007415334005749,0.1494413407821229,0.060806742925948225
180,5.002279039976499,0.1494413407821229,0.06251254264499298
181,5.002221774623166,0.15083798882681565,0.06251254264499298
182,5.001589359351833,0.15083798882681565,0.06301424844471203
183,5.001154168505499,0.15223463687150837,0.06301424844471203
184,5.000664333763833,0.15223463687150837,0.06321493076459964
185,5.000540941834998,0.15363128491620112,0.06321493076459964
186,4.999119528943999,0.15363128491620112,0.06351595424443107
187,4.9984080011525,0.1564245810055866,0.06351595424443107
188,4.998321276854665,0.1564245810055866,0.06361629540437487
189,4.9982850094865,0.15782122905027932,0.06361629540437487
190,4.991850411702333,0.15782122905027932,0.06522175396347582
191,4.9917055759415,0.15921787709497207,0.06522175396347582
192,4.99117528691125,0.15921787709497207,0.06552277744330724
193,4.990954258883,0.16061452513966482,0.06552277744330724
194,4.9886788383293315,0.16061452513966482,0.06602448324302629
195,4.9886142331675,0.16201117318435754,0.06602448324302629
196,4.988046425089583,0.16201117318435754,0.06622516556291391
197,4.9872158147095,0.1634078212290503,0.06622516556291391
198,4.9843911695365,0.1634078212290503,0.0673289183222958
199,4.9842061753025,0.164804469273743,0.0673289183222958
200,4.978993050857364,0.164804469273743,0.06913505920128436
201,4.978925260816499,0.16620111731843576,0.06913505920128436
202,4.9718665311015,0.16620111731843576,0.07094120008027292
203,4.971537992689499,0.16759776536312848,0.07094120008027292
204,4.970464771032,0.16759776536312848,0.07144290587999197
205,4.970366871383,0.16899441340782123,0.07144290587999197
206,4.96904235333625,0.16899441340782123,0.07194461167971102
207,4.9690250760835,0.17039106145251395,0.07194461167971102
208,4.9661900502465,0.17039106145251395,0.07344972907886815
209,4.965470440059416,0.1717877094972067,0.07344972907886815
210,4.964067681154499,0.1717877094972067,0.07375075255869958
211,4.963946032371083,0.17318435754189945,0.07375075255869958
212,4.963880629938999,0.17318435754189945,0.07385109371864339
213,4.963870435064024,0.17458100558659218,0.07385109371864339
214,4.962260140049,0.17458100558659218,0.07495484647802529
215,4.961666388195666,0.17597765363128492,0.07495484647802529
216,4.960288209918748,0.17597765363128492,0.07555689343768814
217,4.959828351793917,0.1787709497206704,0.07555689343768814
218,4.9568206819625,0.1787709497206704,0.07645996387718242
219,4.955843656749502,0.18156424581005587,0.07645996387718242
220,4.952812044169,0.18156424581005587,0.0772626931567329
221,4.951946581572999,0.1829608938547486,0.0772626931567329
222,4.950853200416833,0.1829608938547486,0.07806542243628337
223,4.950819865458833,0.18435754189944134,0.07806542243628337
224,4.9506655059341655,0.18435754189944134,0.07826610475617098
225,4.950176665457167,0.1857541899441341,0.07826610475617098
226,4.946313083989,0.1857541899441341,0.07947019867549669
227,4.9460613610905,0.1871508379888268,0.07947019867549669
228,4.945473350605833,0.1871508379888268,0.07987156331527193
229,4.944399014789999,0.18994413407821228,0.07987156331527193
230,4.939176155292167,0.18994413407821228,0.08127633955448525
231,4.9388439683903345,0.19134078212290503,0.08127633955448525
232,4.934011875922597,0.19134078212290503,0.08238009231386714
233,4.933466771688321,0.19273743016759776,0.08238009231386714
234,4.9293159871773335,0.19273743016759776,0.08498896247240618
235,4.929183091347166,0.1941340782122905,0.08498896247240618
236,4.9245827699534175,0.1941340782122905,0.08709612683122617
237,4.9244886032120005,0.19553072625698323,0.08709612683122617
238,4.923057087636749,0.19553072625698323,0.08789885611077664
239,4.9230319208154985,0.19692737430167598,0.08789885611077664
240,4.9152443672945,0.19692737430167598,0.09100943206903472
241,4.914660364146,0.19832402234636873,0.09100943206903472
242,4.913916423089249,0.19832402234636873,0.09151113786875377
243,4.913464436127499,0.19972067039106145,0.09151113786875377
244,4.905178504173499,0.19972067039106145,0.09472205498695566
245,4.905027384271083,0.2011173184357542,0.09472205498695566
246,4.904881908389332,0.2011173184357542,0.09482239614689945
247,4.904070429067333,0.2053072625698324,0.09482239614689945
248,4.903263187699583,0.2053072625698324,0.09502307846678708
249,4.903235034761499,0.20670391061452514,0.09502307846678708
250,4.901661012712999,0.20670391061452514,0.09592614890628136
251,4.900446462351999,0.20949720670391062,0.09592614890628136
252,4.900438534649499,0.20949720670391062,0.09602649006622517
253,4.9003789611245,0.21089385474860337,0.09602649006622517
254,4.898798142052928,0.21089385474860337,0.09713024282560706
255,4.89848495123,0.2122905027932961,0.09713024282560706
256,4.89812227545675,0.2122905027932961,0.0976319486253261
257,4.898048654829832,0.21368715083798884,0.0976319486253261
258,4.8941944631870005,0.21368715083798884,0.10014047762392134
259,4.893611161161333,0.21508379888268156,0.10014047762392134
260,4.887508054263,0.21508379888268156,0.10325105358217941
261,4.887479971074499,0.2164804469273743,0.10325105358217941
262,4.885763689262499,0.2164804469273743,0.10395344170178607
263,4.885402963884166,0.21787709497206703,0.10395344170178607
264,4.884871735789833,0.21787709497206703,0.10455548866144893
265,4.884767107303238,0.21927374301675978,0.10455548866144893
266,4.883887218070166,0.21927374301675978,0.10495685330122416
267,4.883848592408,0.2206703910614525,0.10495685330122416
268,4.883732425331166,0.2206703910614525,0.10505719446116797
269,4.883296478160666,0.22206703910614525,0.10505719446116797
270,4.876734526319499,0.22206703910614525,0.10796708809953844
271,4.876614149483165,0.22346368715083798,0.10796708809953844
272,4.874670816154499,0.22346368715083798,0.10937186433875176
273,4.874616089666749,0.22486033519553073,0.10937186433875176
274,4.8710966292036675,0.22486033519553073,0.11117800521774032
275,4.870778055013,0.2276536312849162,0.11117800521774032
276,4.870302602083583,0.2276536312849162,0.11137868753762793
277,4.8702723037865,0.22905027932960895,0.11137868753762793
278,4.869048941847198,0.22905027932960895,0.11238209913706602
279,4.8689497801203325,0.23044692737430167,0.11238209913706602
280,4.867798734911332,0.23044692737430167,0.11308448725667268
281,4.867578114479429,0.23184357541899442,0.11308448725667268
282,4.864211446543167,0.23184357541899442,0.11489062813566125
283,4.864117231693666,0.23324022346368714,0.11489062813566125
284,4.861906995507167,0.23324022346368714,0.11589403973509933
285,4.8617823229165,0.2346368715083799,0.11589403973509933
286,4.858840165275999,0.2346368715083799,0.11739915713425647
287,4.858728437156091,0.23743016759776536,0.11739915713425647
288,4.8582267433420006,0.23743016759776536,0.1178005217740317
289,4.858225350956083,0.2388268156424581,0.1178005217740317
290,4.858039654365559,0.2388268156424581,0.11790086293397552
291,4.8579444602735,0.24022346368715083,0.11790086293397552
292,4.857638770394,0.24022346368715083,0.11810154525386314
293,4.857537329326363,0.24162011173184358,0.11810154525386314
294,4.851839532993,0.24162011173184358,0.12131246237206503
295,4.851812368157666,0.2430167597765363,0.12131246237206503
296,4.851722716904416,0.2430167597765363,0.12141280353200883
297,4.851344561317333,0.24441340782122906,0.12141280353200883
298,4.849893921132,0.24441340782122906,0.12281757977122215
299,4.8498500017705,0.24581005586592178,0.12281757977122215
300,4.8491947940869995,0.24581005586592178,0.1233192855709412
301,4.848809751212916,0.24720670391061453,0.1233192855709412
302,4.848494804393309,0.24720670391061453,0.12362030905077263
303,4.8478695374495,0.24860335195530725,0.12362030905077263
304,4.8431847709725,0.24860335195530725,0.12703190848886214
305,4.842835019606166,0.25,0.12703190848886214
306,4.840170597142416,0.25,0.1287377082079069
307,4.840149311285333,0.25139664804469275,0.1287377082079069
308,4.837503651823,0.25139664804469275,0.13024282560706402
309,4.8374880011385,0.2527932960893855,0.13024282560706402
310,4.8368687764555,0.2527932960893855,0.13094521372667067
311,4.836804908073166,0.2541899441340782,0.13094521372667067
312,4.834248070247166,0.2541899441340782,0.13204896648605258
313,4.834233878059833,0.25558659217877094,0.13204896648605258
314,4.832328332962,0.25558659217877094,0.1335540838852097
315,4.832247592458333,0.2569832402234637,0.1335540838852097
316,4.831674884838333,0.2569832402234637,0.13375476620509733
317,4.831623149628999,0.25837988826815644,0.13375476620509733
318,4.8315977315095004,0.25837988826815644,0.13385510736504114
319,4.831584626057,0.25977653631284914,0.13385510736504114
320,4.827108253362,0.25977653631284914,0.1368653421633554
321,4.827087655879167,0.2611731843575419,0.1368653421633554
322,4.8270673404305,0.2611731843575419,0.13706602448324304
323,4.82686832635,0.26256983240223464,0.13706602448324304
324,4.8252758493155,0.26256983240223464,0.13847080072245635
325,4.8249845328820005,0.26536312849162014,0.13847080072245635
326,4.8245484722850005,0.26536312849162014,0.1389725065221754
327,4.824421902742,0.26675977653631283,0.1389725065221754
328,4.823099428099249,0.26675977653631283,0.13997591812161347
329,4.822965141365,0.2681564245810056,0.13997591812161347
330,4.822616022738,0.2681564245810056,0.1401766004415011
331,4.8224462489498325,0.26955307262569833,0.1401766004415011
332,4.820721592727406,0.26955307262569833,0.14107967088099538
333,4.820547377505499,0.2709497206703911,0.14107967088099538
334,4.8193933587387505,0.2709497206703911,0.14178205900060203
335,4.819313520026165,0.2723463687150838,0.14178205900060203
336,4.816088357372427,0.2723463687150838,0.1443909291591411
337,4.8160262753729155,0.2737430167597765,0.1443909291591411
338,4.810790713887499,0.2737430167597765,0.14850491671683724
339,4.81077300691175,0.2751396648044693,0.14850491671683724
340,4.810378955676262,0.2751396648044693,0.14880594019666868
341,4.810231674731499,0.276536312849162,0.14880594019666868
342,4.808287955668749,0.276536312849162,0.15041139875576962
343,4.808212718630831,0.2779329608938548,0.15041139875576962
344,4.8077402829115705,0.2779329608938548,0.15071242223560105
345,4.807623112736166,0.27932960893854747,0.15071242223560105
346,4.805966876643977,0.27932960893854747,0.1514148103552077
347,4.805940693258666,0.2807262569832402,0.1514148103552077
348,4.795539894705167,0.2807262569832402,0.159141079670881
349,4.795359008927667,0.28212290502793297,0.159141079670881
350,4.7920410941099165,0.28212290502793297,0.16094722054986957
351,4.791788415819869,0.2835195530726257,0.16094722054986957
352,4.791131433976999,0.2835195530726257,0.1615492675095324
353,4.790956154291499,0.2849162011173184,0.1615492675095324
354,4.7906755075425,0.2849162011173184,0.16185029098936385
355,4.7906285361907495,0.28631284916201116,0.16185029098936385
356,4.789085140050999,0.28631284916201116,0.16295404374874572
357,4.789063918375,0.2877094972067039,0.16295404374874572
358,4.788787189659832,0.2877094972067039,0.16335540838852097
359,4.788782561498,0.28910614525139666,0.16335540838852097
360,4.788449623921666,0.28910614525139666,0.16345574954846478
361,4.788426229459999,0.2905027932960894,0.16345574954846478
362,4.788047934854833,0.2905027932960894,0.16375677302829622
363,4.78804653513075,0.2918994413407821,0.16375677302829622
364,4.782385464481571,0.2918994413407821,0.16686734898655428
365,4.782178842236166,0.29329608938547486,0.16686734898655428
366,4.780817542254999,0.29329608938547486,0.16756973710616094
367,4.7808129031455,0.2946927374301676,0.16756973710616094
368,4.7806625367045,0.2946927374301676,0.16767007826610475
369,4.780630745701583,0.29608938547486036,0.16767007826610475
370,4.780288047346167,0.29608938547486036,0.16807144290588
371,4.780111777040999,0.29748603351955305,0.16807144290588
372,4.7767967269078335,0.29748603351955305,0.1704796307445314
373,4.77654628549,0.2988826815642458,0.1704796307445314
374,4.775739269202309,0.2988826815642458,0.1714830423439695
375,4.775486278286,0.30027932960893855,0.1714830423439695
376,4.774516782331833,0.30027932960893855,0.17228577162351996
377,4.774425026039,0.3016759776536313,0.17228577162351996
378,4.7720263516419985,0.3016759776536313,0.1739915713425647
379,4.7719792091605004,0.30307262569832405,0.1739915713425647
380,4.771838040336232,0.30307262569832405,0.17419225366245233
381,4.771804442965166,0.30446927374301674,0.17419225366245233
382,4.768437528124917,0.30446927374301674,0.17730282962071042
383,4.7684173865150825,0.3058659217877095,0.17730282962071042
384,4.767376353362583,0.3058659217877095,0.1785069235400361
385,4.766859525238,0.308659217877095,0.1785069235400361
386,4.765924272920249,0.308659217877095,0.1792093116596428
387,4.7657544167819985,0.3100558659217877,0.1792093116596428
388,4.765661342613166,0.3100558659217877,0.1794099939795304
389,4.7654832364785,0.31145251396648044,0.1794099939795304
390,4.765074082863237,0.31145251396648044,0.17971101745936183
391,4.764947335058285,0.3128491620111732,0.17971101745936183
392,4.763484862295498,0.3128491620111732,0.1806140878988561
393,4.763427092250166,0.31424581005586594,0.1806140878988561
394,4.7614901567763335,0.31424581005586594,0.18181818181818182
395,4.761451496234749,0.31564245810055863,0.18181818181818182
396,4.759648506730916,0.31564245810055863,0.18322295805739514
397,4.759646626504999,0.3170391061452514,0.18322295805739514
398,4.757430631959119,0.3170391061452514,0.1850290989363837
399,4.757364012939785,0.31843575418994413,0.1850290989363837
400,4.750742046071832,0.31843575418994413,0.19024683925346178
401,4.75073344351,0.3198324022346369,0.19024683925346178
402,4.7502011179085,0.3198324022346369,0.190648203893237
403,4.749673957864499,0.32122905027932963,0.190648203893237
404,4.7488831664607485,0.32122905027932963,0.1916516154926751
405,4.748545170565,0.3226256983240223,0.1916516154926751
406,4.747899938071499,0.3226256983240223,0.1917519566526189
407,4.747840159392166,0.3240223463687151,0.1917519566526189
408,4.74408505600025,0.3240223463687151,0.19576560305037127
409,4.744080743369,0.3254189944134078,0.19576560305037127
410,4.743852737559833,0.3254189944134078,0.19596628537025887
411,4.743362950431999,0.3268156424581006,0.19596628537025887
412,4.742346649639667,0.3268156424581006,0.19666867348986555
413,4.7423234018515,0.32821229050279327,0.19666867348986555
414,4.737831365766748,0.32821229050279327,0.20038129640778649
415,4.737724740139,0.329608938547486,0.20038129640778649
416,4.7362193704125,0.329608938547486,0.20198675496688742
417,4.736010897650499,0.33100558659217877,0.20198675496688742
418,4.7333897698055,0.33100558659217877,0.20379289584587598
419,4.733053837611999,0.33519553072625696,0.20379289584587598
420,4.732061215942583,0.33519553072625696,0.20459562512542645
421,4.732018056340333,0.3365921787709497,0.20459562512542645
422,4.731594808950332,0.3365921787709497,0.2049969897652017
423,4.731581263456,0.33798882681564246,0.2049969897652017
424,4.73016700604975,0.33798882681564246,0.20690347180413404
425,4.730057488079,0.3407821229050279,0.20690347180413404
426,4.7289739667634985,0.3407821229050279,0.20810756572345976
427,4.728769084504499,0.34217877094972066,0.20810756572345976
428,4.7286430821986665,0.34217877094972066,0.20830824804334738
429,4.728430773308071,0.34497206703910616,0.20830824804334738
430,4.727861766281083,0.34497206703910616,0.2094120008027293
431,4.727658725116333,0.3477653631284916,0.2094120008027293
432,4.727152856317,0.3477653631284916,0.21011438892233594
433,4.727108404990474,0.34916201117318435,0.21011438892233594
434,4.726351903060249,0.34916201117318435,0.21101745936183022
435,4.725634672476501,0.35335195530726254,0.21101745936183022
436,4.7248202420975,0.35335195530726254,0.2119205298013245
437,4.72481805695975,0.3547486033519553,0.2119205298013245
438,4.722785226077999,0.3547486033519553,0.21352598836042544
439,4.722768713201,0.35614525139664804,0.21352598836042544
440,4.720175794494167,0.35614525139664804,0.21623519967890828
441,4.7201497849265,0.3575418994413408,0.21623519967890828
442,4.7200798071957495,0.3575418994413408,0.2164358819987959
443,4.7196594163765,0.35893854748603354,0.2164358819987959
444,4.71959193330975,0.35893854748603354,0.21653622315873972
445,4.719366607704833,0.36033519553072624,0.21653622315873972
446,4.719340437639182,0.36033519553072624,0.21663656431868353
447,4.71923717976175,0.361731843575419,0.21663656431868353
448,4.717586482675583,0.361731843575419,0.2185430463576159
449,4.717537385051999,0.36312849162011174,0.2185430463576159
450,4.717220107760999,0.36312849162011174,0.21894441099739112
451,4.717179852745917,0.3645251396648045,0.21894441099739112
452,4.714238678939535,0.3645251396648045,0.22155328115593018
453,4.714026760075881,0.3659217877094972,0.22155328115593018
454,4.713990330830167,0.3659217877094972,0.22165362231587396
455,4.713866506377756,0.36731843575418993,0.22165362231587396
456,4.711300330736583,0.36731843575418993,0.22325908087497492
457,4.711201221748249,0.3687150837988827,0.22325908087497492
458,4.708799708654583,0.3687150837988827,0.22556692755368252
459,4.708555239860667,0.37011173184357543,0.22556692755368252
460,4.702347065156749,0.37011173184357543,0.23239012642986154
461,4.702342233621524,0.3715083798882682,0.23239012642986154
462,4.701198595432417,0.3715083798882682,0.23329319686935582
463,4.70110538076225,0.3729050279329609,0.23329319686935582
464,4.698809421362666,0.3729050279329609,0.23499899658840057
465,4.698774950529692,0.3743016759776536,0.23499899658840057
466,4.698165619650999,0.3743016759776536,0.23590206702789485
467,4.6981140247175,0.3756983240223464,0.23590206702789485
468,4.694505195734999,0.3756983240223464,0.23931366646598434
469,4.694470034537666,0.3770949720670391,0.23931366646598434
470,4.694077966351832,0.3770949720670391,0.2397150311057596
471,4.694050031749333,0.3784916201117318,0.2397150311057596
472,4.693670788283666,0.3784916201117318,0.24041741922536625
473,4.693615748819832,0.37988826815642457,0.24041741922536625
474,4.6935413551895,0.37988826815642457,0.24061810154525387
475,4.693527755799166,0.3812849162011173,0.24061810154525387
476,4.693314296281,0.3812849162011173,0.24091912502508528
477,4.693184241669167,0.38268156424581007,0.24091912502508528
478,4.692020709327499,0.38268156424581007,0.24232390126429862
479,4.6919970697087505,0.3840782122905028,0.24232390126429862
480,4.691089548191333,0.3840782122905028,0.24342765402368052
481,4.691063038099166,0.3854748603351955,0.24342765402368052
482,4.690687698171249,0.3854748603351955,0.24413004214328718
483,4.690662404555575,0.38687150837988826,0.24413004214328718
484,4.690255055589749,0.38687150837988826,0.24493277142283765
485,4.6902377907457495,0.388268156424581,0.24493277142283765
486,4.688512842871524,0.388268156424581,0.24633754766205096
487,4.688481482245035,0.38966480446927376,0.24633754766205096
488,4.688351983484,0.38966480446927376,0.24653822998193858
489,4.688189754095333,0.39106145251396646,0.24653822998193858
490,4.684316632623,0.39106145251396646,0.25035119405980333
491,4.684266657633749,0.3924581005586592,0.25035119405980333
492,4.680820394447832,0.3924581005586592,0.2537627934978928
493,4.6807857715465,0.39385474860335196,0.2537627934978928
494,4.680420301209786,0.39385474860335196,0.2540638169777243
495,4.6803166668493335,0.3952513966480447,0.2540638169777243
496,4.679320639101499,0.3952513966480447,0.25526791089705
497,4.6792661794509165,0.39664804469273746,0.25526791089705
498,4.678252054797,0.39664804469273746,0.2563716636564319
499,4.678204767598583,0.39804469273743015,0.2563716636564319
500,4.678174586777666,0.39804469273743015,0.25647200481637566
501,4.678167817193999,0.3994413407821229,0.25647200481637566
502,4.6710637654065,0.3994413407821229,0.26179008629339756
503,4.671007825184738,0.4022346368715084,0.26179008629339756
504,4.669882125905652,0.4022346368715084,0.26379690949227375
505,4.669830716628167,0.4036312849162011,0.26379690949227375
506,4.668517223141167,0.4036312849162011,0.26630543849086896
507,4.6683090879365,0.40502793296089384,0.26630543849086896
508,4.666663611274499,0.40502793296089384,0.2680112382099137
509,4.6666166857125,0.4064245810055866,0.2680112382099137
510,4.6642161359715,0.4064245810055866,0.27051976720850895
511,4.664147289317167,0.40782122905027934,0.27051976720850895
512,4.663709186475652,0.40782122905027934,0.271021473008228
513,4.6636772991966655,0.4092178770949721,0.271021473008228
514,4.6623192680845,0.4092178770949721,0.2732289785269918
515,4.662303954258094,0.4106145251396648,0.2732289785269918
516,4.662289287726249,0.4106145251396648,0.2733293196869356
517,4.6621843527356654,0.41201117318435754,0.2733293196869356
518,4.661402948289833,0.41201117318435754,0.27403170780654224
519,4.661252878427999,0.4134078212290503,0.27403170780654224
520,4.659408839565333,0.4134078212290503,0.27623921332530604
521,4.659325730645,0.41480446927374304,0.27623921332530604
522,4.6585020744167505,0.41480446927374304,0.27754364840457557
523,4.658269121086501,0.41620111731843573,0.27754364840457557
524,4.65652366258875,0.41620111731843573,0.2797511539233394
525,4.656493994927749,0.4175977653631285,0.2797511539233394
526,4.6549881541965,0.4175977653631285,0.28185831828215935
527,4.654856052007583,0.41899441340782123,0.28185831828215935
528,4.653545627648249,0.41899441340782123,0.28326309452137266
529,4.653477418324999,0.420391061452514,0.28326309452137266
530,4.651926917433999,0.420391061452514,0.28526991772024884
531,4.651828265515499,0.42178770949720673,0.28526991772024884
532,4.6506242471995005,0.42178770949720673,0.28637367047963075
533,4.650620985273499,0.4231843575418994,0.28637367047963075
534,4.649376911816166,0.4231843575418994,0.28858117599839456
535,4.649337331705,0.4245810055865922,0.28858117599839456
536,4.648906524783,0.4245810055865922,0.2889825406381698
537,4.648654889945333,0.4273743016759777,0.2889825406381698
538,4.646925857421,0.4273743016759777,0.29088902267710215
539,4.646764040547429,0.4301675977653631,0.29088902267710215
540,4.646003998776084,0.4301675977653631,0.2921934577563717
541,4.6459625276823315,0.43156424581005587,0.2921934577563717
542,4.6456620808695,0.43156424581005587,0.2924944812362031
543,4.645654113896249,0.4329608938547486,0.2924944812362031
544,4.644818609392334,0.4329608938547486,0.29339755167569737
545,4.644707841040319,0.43435754189944137,0.29339755167569737
546,4.6445858225205,0.43435754189944137,0.29399959863536024
547,4.644396577246,0.43575418994413406,0.29399959863536024
548,4.6428180660304985,0.43575418994413406,0.2960064218342364
549,4.64269078267275,0.4371508379888268,0.2960064218342364
550,4.6422082707368935,0.4371508379888268,0.2964077864740116
551,4.641829370791499,0.4399441340782123,0.2964077864740116
552,4.6405372596063215,0.4399441340782123,0.2982139273530002
553,4.640339351540001,0.441340782122905,0.2982139273530002
554,4.639996787097356,0.441340782122905,0.29901665663255067
555,4.639966550891999,0.44273743016759776,0.29901665663255067
556,4.636476824321652,0.44273743016759776,0.30353200883002207
557,4.636423230433714,0.4441340782122905,0.30353200883002207
558,4.635123280827999,0.4441340782122905,0.30553883202889826
559,4.635120893797833,0.44553072625698326,0.30553883202889826
560,4.633869133878167,0.44553072625698326,0.3073449729078868
561,4.6338394519036665,0.44692737430167595,0.3073449729078868
562,4.633160723507666,0.44692737430167595,0.3081477021874373
563,4.6329363968043324,0.4483240223463687,0.3081477021874373
564,4.631407220406666,0.4483240223463687,0.31015452538631344
565,4.631393047952535,0.44972067039106145,0.31015452538631344
566,4.629477714772915,0.44972067039106145,0.31226168974513346
567,4.629423200583786,0.4511173184357542,0.31226168974513346
568,4.627774907535582,0.4511173184357542,0.3147702187437287
569,4.6277284314711675,0.45251396648044695,0.3147702187437287
570,4.6276729637755,0.45251396648044695,0.31487055990367246
571,4.62751850427925,0.45391061452513964,0.31487055990367246
572,4.62649840837375,0.45391061452513964,0.31657635962271724
573,4.626447894252583,0.4553072625698324,0.31657635962271724
574,4.624224716744999,0.4553072625698324,0.3195865944210315
575,4.624223419582166,0.45670391061452514,0.3195865944210315
576,4.622080675982613,0.45670391061452514,0.3219947822596829
577,4.621928537780986,0.4594972067039106,0.3219947822596829
578,4.6194243233142505,0.4594972067039106,0.32590808749749145
579,4.6194131621212495,0.46089385474860334,0.32590808749749145
580,4.615842623413166,0.46089385474860334,0.33032309853501907
581,4.615842202771083,0.4622905027932961,0.33032309853501907
582,4.615295423420166,0.4622905027932961,0.33142685129440097
583,4.6152191902916595,0.46368715083798884,0.33142685129440097
584,4.615202373597999,0.46368715083798884,0.3316275336142886
585,4.615201900327,0.4650837988826816,0.3316275336142886
586,4.614770383294593,0.4650837988826816,0.33263094521372666
587,4.614644483244334,0.4664804469273743,0.33263094521372666
588,4.613352327539916,0.4664804469273743,0.3347381095725467
589,4.613285506268,0.46787709497206703,0.3347381095725467
590,4.613266591830917,0.46787709497206703,0.33493879189243425
591,4.613197462054999,0.4692737430167598,0.33493879189243425
592,4.612558497059666,0.4692737430167598,0.33544049769215334
593,4.6124753459716645,0.47067039106145253,0.33544049769215334
594,4.612471866059262,0.47067039106145253,0.3355408388520971
595,4.612429475940584,0.4720670391061452,0.3355408388520971
596,4.6123302819506655,0.4720670391061452,0.33584186233192853
597,4.6123247587749985,0.473463687150838,0.33584186233192853
598,4.60879531723875,0.473463687150838,0.34216335540838855
599,4.608637518030118,0.4748603351955307,0.34216335540838855
600,4.60554231250163,0.4748603351955307,0.34577563716636567
601,4.605413682170499,0.4776536312849162,0.34577563716636567
602,4.605178959932499,0.4776536312849162,0.3462773429660847
603,4.605143257904227,0.4790502793296089,0.3462773429660847
604,4.604478379552226,0.4790502793296089,0.34708007224563514
605,4.6044174142685,0.48044692737430167,0.34708007224563514
606,4.602780032900833,0.48044692737430167,0.3488862131246237
607,4.602657670971249,0.4818435754189944,0.3488862131246237
608,4.602582633598477,0.4818435754189944,0.3490868954445113
609,4.6025734678250005,0.48324022346368717,0.3490868954445113
610,4.602223496729166,0.48324022346368717,0.3493879189243428
611,4.602164178420916,0.48463687150837986,0.3493879189243428
612,4.600957920412166,0.48463687150837986,0.3516957656030504
613,4.600733847175599,0.4860335195530726,0.3516957656030504
614,4.59789858037775,0.4860335195530726,0.354505318081477
615,4.59785803848425,0.48743016759776536,0.354505318081477
616,4.5976267395463335,0.48743016759776536,0.35470600040136463
617,4.597550690842666,0.4888268156424581,0.35470600040136463
618,4.594806886769833,0.4888268156424581,0.3585189644792294
619,4.594541761833999,0.49022346368715086,0.3585189644792294
620,4.594538557563999,0.49022346368715086,0.3586193056391732
621,4.594385551058999,0.49162011173184356,0.3586193056391732
622,4.5943342729813335,0.49162011173184356,0.358719646799117
623,4.594234692769,0.4930167597765363,0.358719646799117
624,4.593103969518916,0.4930167597765363,0.3612281757977122
625,4.593085484244429,0.49441340782122906,0.3612281757977122
626,4.5923029741465005,0.49441340782122906,0.3621312462372065
627,4.592295628553547,0.4958100558659218,0.3621312462372065
628,4.588322930423249,0.4958100558659218,0.3668472807545655
629,4.588311069116785,0.4972067039106145,0.3668472807545655
630,4.58716839548,0.4972067039106145,0.36785069235400364
631,4.587088257861499,0.49860335195530725,0.36785069235400364
632,4.586542033483666,0.49860335195530725,0.36845273931366646
633,4.586514054552083,0.5,0.36845273931366646
634,4.58648364916375,0.5,0.3686534216335541
635,4.5864544728344985,0.5013966480446927,0.3686534216335541
636,4.586170527756333,0.5013966480446927,0.3690547862733293
637,4.586150984632167,0.5027932960893855,0.3690547862733293
638,4.5858215233348325,0.5027932960893855,0.3696568332329922
639,4.5856518344565,0.5041899441340782,0.3696568332329922
640,4.5851179596715,0.5041899441340782,0.37045956251254264
641,4.5850980564043216,0.505586592178771,0.37045956251254264
642,4.5846093218620005,0.505586592178771,0.37096126831226167
643,4.584411534624249,0.5069832402234636,0.37096126831226167
644,4.583864621903535,0.5069832402234636,0.37176399759181217
645,4.583850953140166,0.5083798882681564,0.37176399759181217
646,4.583718862983166,0.5083798882681564,0.3721653622315874
647,4.583667747167833,0.5097765363128491,0.3721653622315874
648,4.5824427570795,0.5097765363128491,0.3741721854304636
649,4.582296169946249,0.5111731843575419,0.3741721854304636
650,4.5821686751521655,0.5111731843575419,0.3742725265904074
651,4.582119195805416,0.5125698324022346,0.3742725265904074
652,4.580625916261999,0.5125698324022346,0.37607866746939594
653,4.5805557868229165,0.5139664804469274,0.37607866746939594
654,4.580076673304641,0.5139664804469274,0.3764800321091712
655,4.580049218773749,0.5153631284916201,0.3764800321091712
656,4.5797842775493445,0.5153631284916201,0.37688139674894644
657,4.579781823570166,0.5167597765363129,0.37688139674894644
658,4.579623020895832,0.5167597765363129,0.3769817379088902
659,4.579575222180833,0.5181564245810056,0.3769817379088902
660,4.579296828361083,0.5181564245810056,0.3775837848685531
661,4.579225327499429,0.5195530726256983,0.3775837848685531
662,4.5746387419808565,0.5195530726256983,0.3830022075055188
663,4.574439551225499,0.520949720670391,0.3830022075055188
664,4.5735194170499165,0.520949720670391,0.38390527794501306
665,4.5734679498852495,0.5223463687150838,0.38390527794501306
666,4.5725853994785,0.5223463687150838,0.3847080072245635
667,4.5724673506822855,0.5237430167597765,0.3847080072245635
668,4.5722294443410725,0.5237430167597765,0.3852097130242826
669,4.572181054099833,0.5251396648044693,0.3852097130242826
670,4.5698105459795,0.5251396648044693,0.3877182420228778
671,4.569675921683833,0.526536312849162,0.3877182420228778
672,4.56678951422,0.526536312849162,0.39213325306040536
673,4.566754128717166,0.5279329608938548,0.39213325306040536
674,4.5626302372935,0.5279329608938548,0.39775235801725867
675,4.5625245534708325,0.5293296089385475,0.39775235801725867
676,4.562317494568249,0.5293296089385475,0.39805338149709013
677,4.562306226901999,0.5307262569832403,0.39805338149709013
678,4.559952812699416,0.5307262569832403,0.401264298615292
679,4.5598891918115,0.5321229050279329,0.401264298615292
680,4.558240754756167,0.5321229050279329,0.4035721452939996
681,4.558236680724333,0.5335195530726257,0.4035721452939996
682,4.557851120912249,0.5335195530726257,0.40407385109371863
683,4.557790112505833,0.5349162011173184,0.40407385109371863
684,4.5560404531295005,0.5349162011173184,0.40658238009231384
685,4.555951135890749,0.5363128491620112,0.40658238009231384
686,4.554303908185998,0.5363128491620112,0.4090909090909091
687,4.554191082843833,0.5377094972067039,0.4090909090909091
688,4.553724080178666,0.5377094972067039,0.4094922737306843
689,4.553690184020666,0.5391061452513967,0.4094922737306843
690,4.553063005689083,0.5391061452513967,0.4108970499698977
691,4.552898282461416,0.5418994413407822,0.4108970499698977
692,4.551959698951083,0.5418994413407822,0.4126028496889424
693,4.551913300651499,0.5432960893854749,0.4126028496889424
694,4.551878074730083,0.5432960893854749,0.41280353200883
695,4.551632815982833,0.5446927374301676,0.41280353200883
696,4.550184748371928,0.5446927374301676,0.41471001404776237
697,4.550124541953131,0.5460893854748603,0.41471001404776237
698,4.549351653286666,0.5460893854748603,0.4159141079670881
699,4.549188125878166,0.547486033519553,0.4159141079670881
700,4.54613959960225,0.547486033519553,0.4207304836443909
701,4.5460464004815,0.5488826815642458,0.4207304836443909
702,4.545858352794832,0.5488826815642458,0.42113184828416617
703,4.545765173191584,0.5516759776536313,0.42113184828416617
704,4.54463832130098,0.5516759776536313,0.4224362833634357
705,4.5444357070933314,0.553072625698324,0.4224362833634357
706,4.543991061249619,0.553072625698324,0.4235400361228176
707,4.543920502623333,0.5544692737430168,0.4235400361228176
708,4.543671366391166,0.5544692737430168,0.4237407184427052
709,4.543593936295166,0.5558659217877095,0.4237407184427052
710,4.543083891406,0.5558659217877095,0.42424242424242425
711,4.543014147158666,0.5572625698324022,0.42424242424242425
712,4.54199641737625,0.5572625698324022,0.4258478828015252
713,4.541977830161,0.5586592178770949,0.4258478828015252
714,4.5419581786970005,0.5586592178770949,0.425948223961469
715,4.541926077766499,0.5600558659217877,0.425948223961469
716,4.541306962425333,0.5600558659217877,0.4271523178807947
717,4.5411558659710005,0.5614525139664804,0.4271523178807947
718,4.540789875990001,0.5614525139664804,0.42735300020068234
719,4.540657451665666,0.5628491620111732,0.42735300020068234
720,4.540652275269498,0.5628491620111732,0.4274533413606261
721,4.540623125622749,0.5642458100558659,0.4274533413606261
722,4.540439699579749,0.5642458100558659,0.42765402368051375
723,4.540345307670333,0.5656424581005587,0.42765402368051375
724,4.539467533664916,0.5656424581005587,0.42855709412000803
725,4.539419956619583,0.5670391061452514,0.42855709412000803
726,4.537785244683916,0.5670391061452514,0.43076459963877184
727,4.537774840276857,0.5684357541899442,0.43076459963877184
728,4.537254245953356,0.5684357541899442,0.43136664659843466
729,4.53724827683325,0.5698324022346368,0.43136664659843466
730,4.5370525447902486,0.5698324022346368,0.43206903471804137
731,4.5368894277904985,0.5712290502793296,0.43206903471804137
732,4.536775639106,0.5712290502793296,0.4325707405177604
733,4.5365834594715,0.5726256983240223,0.4325707405177604
734,4.535936922933667,0.5726256983240223,0.4334738109572547
735,4.535713388344,0.5740223463687151,0.4334738109572547
736,4.532905890586499,0.5740223463687151,0.43638370459562514
737,4.532554098319523,0.5768156424581006,0.43638370459562514
738,4.532365463383607,0.5768156424581006,0.43668472807545655
739,4.5323332518725,0.5782122905027933,0.43668472807545655
740,4.528732994635999,0.5782122905027933,0.44240417419225364
741,4.528672839931249,0.5810055865921788,0.44240417419225364
742,4.527379088838999,0.5810055865921788,0.4441099739112984
743,4.527367715330258,0.5824022346368715,0.4441099739112984
744,4.526776859170416,0.5824022346368715,0.4448123620309051
745,4.526740985775416,0.5837988826815642,0.4448123620309051
746,4.525575291331499,0.5837988826815642,0.4462171382701184
747,4.525552758627809,0.585195530726257,0.4462171382701184
748,4.521211962643833,0.585195530726257,0.45113385510736503
749,4.520915172867071,0.5865921787709497,0.45113385510736503
750,4.5190417499781415,0.5865921787709497,0.4539434075857917
751,4.518873043577166,0.5879888268156425,0.4539434075857917
752,4.518765002865666,0.5879888268156425,0.4541440899056793
753,4.518470383166751,0.5893854748603352,0.4541440899056793
754,4.516913199543999,0.5893854748603352,0.45645193658438693
755,4.516702369955,0.5921787709497207,0.45645193658438693
756,4.516112754357916,0.5921787709497207,0.4576560305037126
757,4.516095966391333,0.5935754189944135,0.4576560305037126
758,4.5154187600077496,0.5935754189944135,0.4583584186233193
759,4.515338465710916,0.5949720670391061,0.4583584186233193
760,4.514054941390999,0.5949720670391061,0.4599638771824202
761,4.514029600769166,0.5963687150837989,0.4599638771824202
762,4.512605705795667,0.5963687150837989,0.46227172386112786
763,4.512538701606832,0.5977653631284916,0.46227172386112786
764,4.509473550624833,0.5977653631284916,0.46628537025888017
765,4.509358726518584,0.6019553072625698,0.46628537025888017
766,4.509325451412499,0.6019553072625698,0.466385711418824
767,4.509178918163427,0.6033519553072626,0.466385711418824
768,4.5081759656055835,0.6033519553072626,0.46829219345775636
769,4.508050649068094,0.6047486033519553,0.46829219345775636
770,4.505185611746249,0.6047486033519553,0.4731085691350592
771,4.5050854293506655,0.6061452513966481,0.4731085691350592
772,4.502863858178364,0.6061452513966481,0.4765201685731487
773,4.5027922108346425,0.6075418994413407,0.4765201685731487
774,4.501216910786,0.6075418994413407,0.47953040337146297
775,4.501076792498,0.6089385474860335,0.47953040337146297
776,4.499081709864,0.6089385474860335,0.48233995584988965
777,4.4990713764755,0.6103351955307262,0.48233995584988965
778,4.4989343524370815,0.6103351955307262,0.48264097932972105
779,4.498827572959833,0.611731843575419,0.48264097932972105
780,4.498086031315499,0.611731843575419,0.4844471202087096
781,4.4980647795545,0.6131284916201117,0.4844471202087096
782,4.4966149960404165,0.6131284916201117,0.4864539434075858
783,4.4965465570675,0.6145251396648045,0.4864539434075858
784,4.496415134023416,0.6145251396648045,0.4867549668874172
785,4.4964048854795005,0.6159217877094972,0.4867549668874172
786,4.49564515626175,0.6159217877094972,0.4877583784868553
787,4.495536362834,0.61731843575419,0.4877583784868553
788,4.495462445049373,0.61731843575419,0.48795906080674295
789,4.495462220309833,0.6187150837988827,0.48795906080674295
790,4.494424723082833,0.6187150837988827,0.4895645193658439
791,4.49437918429725,0.6201117318435754,0.4895645193658439
792,4.49395954960303,0.6201117318435754,0.49026690748545054
793,4.4939295544436595,0.6215083798882681,0.49026690748545054
794,4.492648439883356,0.6215083798882681,0.4929761188039334
795,4.4925963235855,0.6229050279329609,0.4929761188039334
796,4.492219225395285,0.6229050279329609,0.4934778246036524
797,4.4921240198691645,0.6243016759776536,0.4934778246036524
798,4.4919291503654994,0.6243016759776536,0.49397953040337145
799,4.491918190132191,0.6256983240223464,0.49397953040337145
800,4.490192033775499,0.6256983240223464,0.4955849889624724
801,4.490082521563666,0.6270949720670391,0.4955849889624724
802,4.4892916970135,0.6270949720670391,0.4966887417218543
803,4.4892759140365,0.6284916201117319,0.4966887417218543
804,4.488783785354165,0.6284916201117319,0.49709010636162954
805,4.488586757487999,0.6298882681564246,0.49709010636162954
806,4.48700115242725,0.6298882681564246,0.4990969295605057
807,4.48691154487675,0.6312849162011173,0.4990969295605057
808,4.4860046666194995,0.6312849162011173,0.5011037527593819
809,4.4858857783445,0.6340782122905028,0.5011037527593819
810,4.485393799667417,0.6340782122905028,0.5019064820389324
811,4.485392015474499,0.6354748603351955,0.5019064820389324
812,4.484899610698083,0.6354748603351955,0.5029098936383705
813,4.484872646283666,0.6368715083798883,0.5029098936383705
814,4.4841899046375,0.6368715083798883,0.5045153521974715
815,4.484124112158833,0.638268156424581,0.5045153521974715
816,4.483105878487167,0.638268156424581,0.5064218342364037
817,4.482975912069778,0.6410614525139665,0.5064218342364037
818,4.481936619593666,0.6410614525139665,0.5080272927955047
819,4.481825327767777,0.6424581005586593,0.5080272927955047
820,4.4816388181325,0.6424581005586593,0.5087296809151114
821,4.481589181427743,0.6438547486033519,0.5087296809151114
822,4.481008727878833,0.6438547486033519,0.5095324101946619
823,4.480999611191999,0.6452513966480447,0.5095324101946619
824,4.479324295816084,0.6452513966480447,0.5125426449929761
825,4.479292946847499,0.6466480446927374,0.5125426449929761
826,4.479282324543232,0.6466480446927374,0.5126429861529199
827,4.479260582943142,0.6480446927374302,0.5126429861529199
828,4.478887756147321,0.6480446927374302,0.5134457154324704
829,4.478878864284,0.6494413407821229,0.5134457154324704
830,4.478489852440166,0.6494413407821229,0.5138470800722457
831,4.4784490622225,0.6508379888268156,0.5138470800722457
832,4.478258614449273,0.6508379888268156,0.5139474212321894
833,4.478151930282082,0.6522346368715084,0.5139474212321894
834,4.478143401367166,0.6522346368715084,0.5140477623921332
835,4.478066263351833,0.6536312849162011,0.5140477623921332
836,4.475777842592262,0.6536312849162011,0.5190648203893237
837,4.475690494688083,0.6550279329608939,0.5190648203893237
838,4.4730171049935,0.6550279329608939,0.523680513746739
839,4.4729425921576675,0.6564245810055865,0.523680513746739
840,4.472886104445166,0.6564245810055865,0.5237808549066827
841,4.472679597977666,0.6578212290502793,0.5237808549066827
842,4.472418914737498,0.6578212290502793,0.5239815372265704
843,4.4723951083985005,0.659217877094972,0.5239815372265704
844,4.4704694366223325,0.659217877094972,0.5263897250652217
845,4.470446957668166,0.6606145251396648,0.5263897250652217
846,4.469275700042143,0.6606145251396648,0.5279951836243227
847,4.469195342421666,0.6634078212290503,0.5279951836243227
848,4.467376252365001,0.6634078212290503,0.5303030303030303
849,4.467326455070166,0.664804469273743,0.5303030303030303
850,4.465547071548774,0.664804469273743,0.5327112181416818
851,4.465419134048,0.6662011173184358,0.5327112181416818
852,4.464466024460166,0.6662011173184358,0.5338149709010637
853,4.464456142287499,0.6675977653631285,0.5338149709010637
854,4.459436762676,0.6675977653631285,0.5417419225366246
855,4.459261907077666,0.6689944134078212,0.5417419225366246
856,4.458233544859333,0.6689944134078212,0.5429460164559502
857,4.4580851632395,0.6717877094972067,0.5429460164559502
858,4.4577903700485,0.6717877094972067,0.5433473810957254
859,4.457624377176166,0.6731843575418994,0.5433473810957254
860,4.4545438801455,0.6731843575418994,0.5475617098133655
861,4.454408138619,0.6745810055865922,0.5475617098133655
862,4.4541586273156435,0.6745810055865922,0.5478627332931969
863,4.4538788247420005,0.6759776536312849,0.5478627332931969
864,4.453753470493333,0.6759776536312849,0.5480634156130845
865,4.4536990015742495,0.6773743016759777,0.5480634156130845
866,4.453210131303999,0.6773743016759777,0.5485651214128036
867,4.4530903821945,0.6787709497206704,0.5485651214128036
868,4.4529821343138325,0.6787709497206704,0.5490668272125225
869,4.45291101440925,0.6801675977653632,0.5490668272125225
870,4.452759621804833,0.6801675977653632,0.5491671683724664
871,4.452741535264333,0.6815642458100558,0.5491671683724664
872,4.449169191640333,0.6815642458100558,0.554585591009432
873,4.449165074289198,0.6829608938547486,0.554585591009432
874,4.448418020928833,0.6829608938547486,0.5563917318884206
875,4.448358467499499,0.6843575418994413,0.5563917318884206
876,4.4480897810577495,0.6843575418994413,0.5568934376881397
877,4.4478501709825,0.6857541899441341,0.5568934376881397
878,4.446422243323083,0.6857541899441341,0.5581978727674092
879,4.4462726435015,0.6871508379888268,0.5581978727674092
880,4.4461341839200825,0.6871508379888268,0.5583985550872969
881,4.445975083313488,0.6885474860335196,0.5583985550872969
882,4.445104921803416,0.6885474860335196,0.5595023078466788
883,4.4450277205232505,0.6899441340782123,0.5595023078466788
884,4.442649076666286,0.6899441340782123,0.5637166365643187
885,4.44250834209182,0.6913407821229051,0.5637166365643187
886,4.442345690860928,0.6913407821229051,0.5638169777242625
887,4.442335546337785,0.6927374301675978,0.5638169777242625
888,4.441153975712917,0.6927374301675978,0.5656231186032511
889,4.441088222418641,0.6941340782122905,0.5656231186032511
890,4.441067675079833,0.6941340782122905,0.5657234597631948
891,4.4409732346345,0.6955307262569832,0.5657234597631948
892,4.440234231969999,0.6955307262569832,0.566726871362633
893,4.440193376008595,0.696927374301676,0.566726871362633
894,4.440126824605667,0.696927374301676,0.5668272125225767
895,4.439942058851499,0.6983240223463687,0.5668272125225767
896,4.438640675280832,0.6983240223463687,0.5686333534015653
897,4.438592737599368,0.6997206703910615,0.5686333534015653
898,4.436808277048999,0.6997206703910615,0.5708408589203291
899,4.436786559660232,0.7011173184357542,0.5708408589203291
900,4.436107989257667,0.7011173184357542,0.5717439293598234
901,4.435863215430916,0.702513966480447,0.5717439293598234
902,4.43585424523475,0.702513966480447,0.5718442705197672
903,4.435841322230999,0.7039106145251397,0.5718442705197672
904,4.435581637404499,0.7039106145251397,0.5726469997993177
905,4.435552614134499,0.7053072625698324,0.5726469997993177
906,4.434099347002332,0.7053072625698324,0.5742524583584186
907,4.4340284641653325,0.7067039106145251,0.5742524583584186
908,4.433737542683833,0.7067039106145251,0.5748545053180815
909,4.433734738599572,0.7081005586592178,0.5748545053180815
910,4.432036930484667,0.7081005586592178,0.5768613285169577
911,4.432033304870833,0.7094972067039106,0.5768613285169577
912,4.431923873336666,0.7094972067039106,0.5771623519967891
913,4.431913194355083,0.7108938547486033,0.5771623519967891
914,4.430864447231476,0.7108938547486033,0.5789684928757777
915,4.430660909450153,0.7122905027932961,0.5789684928757777
916,4.4292921071804985,0.7122905027932961,0.5810756572345976
917,4.429274155127501,0.7136871508379888,0.5810756572345976
918,4.42867463001,0.7136871508379888,0.5819787276740919
919,4.428516583859833,0.7150837988826816,0.5819787276740919
920,4.427314205795748,0.7150837988826816,0.5841862331928557
921,4.427299381116333,0.7164804469273743,0.5841862331928557
922,4.42660067645,0.7164804469273743,0.5854906682721253
923,4.426587697052333,0.7178770949720671,0.5854906682721253
924,4.424717988459418,0.7178770949720671,0.5885009030704395
925,4.424603036855167,0.7192737430167597,0.5885009030704395
926,4.423702029425166,0.7192737430167597,0.5900060204695966
927,4.423699592377999,0.7206703910614525,0.5900060204695966
928,4.422126607684047,0.7206703910614525,0.5909090909090909
929,4.4221235833045,0.7220670391061452,0.5909090909090909
930,4.4176333118095,0.7220670391061452,0.5961268312261689
931,4.4175056658221665,0.723463687150838,0.5961268312261689
932,4.417039071322167,0.723463687150838,0.5968292193457756
933,4.417023299800416,0.7248603351955307,0.5968292193457756
934,4.4150610420369985,0.7248603351955307,0.5991370660244832
935,4.415033305141833,0.7262569832402235,0.5991370660244832
936,4.4148411893859985,0.7262569832402235,0.5996387718242023
937,4.4148119515241895,0.7276536312849162,0.5996387718242023
938,4.4141052746033935,0.7276536312849162,0.6006421834236404
939,4.414104157997869,0.729050279329609,0.6006421834236404
940,4.413479657258896,0.729050279329609,0.6016455950230785
941,4.4133235618615005,0.7304469273743017,0.6016455950230785
942,4.413244815778,0.7304469273743017,0.601846277342966
943,4.413237981274,0.7318435754189944,0.601846277342966
944,4.410725579561749,0.7318435754189944,0.6042544651816175
945,4.410691424896246,0.7332402234636871,0.6042544651816175
946,4.4097462088583335,0.7332402234636871,0.6054585591009433
947,4.409518107442834,0.7360335195530726,0.6054585591009433
948,4.407869017483083,0.7360335195530726,0.6077664057796508
949,4.407846902115999,0.7374301675977654,0.6077664057796508
950,4.407630485233416,0.7374301675977654,0.6080674292594822
951,4.407556337553333,0.7388268156424581,0.6080674292594822
952,4.403695162139833,0.7388268156424581,0.6133855107365042
953,4.403689638117832,0.7402234636871509,0.6133855107365042
954,4.402007070638835,0.7402234636871509,0.6160947220549869
955,4.401908621972528,0.7416201117318436,0.6160947220549869
956,4.4018405470702495,0.7416201117318436,0.6162954043748746
957,4.401837626672999,0.7430167597765364,0.6162954043748746
958,4.399198932447464,0.7430167597765364,0.6201083684527393
959,4.399066390951499,0.744413407821229,0.6201083684527393
960,4.397461664289928,0.744413407821229,0.6222155328115593
961,4.3973733748997486,0.7458100558659218,0.6222155328115593
962,4.396842945368,0.7458100558659218,0.6230182620911098
963,4.396691135314584,0.7472067039106145,0.6230182620911098
964,4.395400000024,0.7472067039106145,0.6245233794902669
965,4.39517410656,0.7486033519553073,0.6245233794902669
966,4.393536276537929,0.7486033519553073,0.6270319084888621
967,4.393378465918178,0.75,0.6270319084888621
968,4.393244328872952,0.75,0.6272325908087497
969,4.393222368315905,0.7513966480446927,0.6272325908087497
970,4.389983538274976,0.7513966480446927,0.6313465783664459
971,4.3899599234903315,0.7527932960893855,0.6313465783664459
972,4.388518685085166,0.7527932960893855,0.6336544250451536
973,4.3884891244305715,0.7541899441340782,0.6336544250451536
974,4.3863917275775,0.7541899441340782,0.6368653421633554
975,4.386352447894916,0.755586592178771,0.6368653421633554
976,4.384787765551748,0.755586592178771,0.6388721653622316
977,4.3847537292299155,0.7569832402234636,0.6388721653622316
978,4.383574082895748,0.7569832402234636,0.6401766004415012
979,4.3834076465201655,0.7583798882681564,0.6401766004415012
980,4.383108701415998,0.7583798882681564,0.6408789885611078
981,4.3830876939789984,0.7597765363128491,0.6408789885611078
982,4.383053587541916,0.7597765363128491,0.6410796708809954
983,4.382943345444948,0.7611731843575419,0.6410796708809954
984,4.3827025669455,0.7611731843575419,0.6411800120409392
985,4.382471045766644,0.7625698324022346,0.6411800120409392
986,4.38213769683275,0.7625698324022346,0.6418824001605459
987,4.382133987426249,0.7639664804469274,0.6418824001605459
988,4.381962701393583,0.7639664804469274,0.6422837648003211
989,4.3817042316985,0.7653631284916201,0.6422837648003211
990,4.381095524468833,0.7653631284916201,0.6429861529199278
991,4.381049405965213,0.7667597765363129,0.6429861529199278
992,4.378443697028143,0.7667597765363129,0.6467991169977925
993,4.378413154584833,0.7681564245810056,0.6467991169977925
994,4.378131937536,0.7681564245810056,0.6468994581577363
995,4.378131688372642,0.7695530726256983,0.6468994581577363
996,4.376957126988415,0.7695530726256983,0.6490066225165563
997,4.376950138402666,0.770949720670391,0.6490066225165563
998,4.375136706813583,0.770949720670391,0.6509131045554887
999,4.3751113312620005,0.7723463687150838,0.6509131045554887
1000,4.372902560711665,0.7723463687150838,0.6546257274734096
1001,4.372899576424143,0.7737430167597765,0.6546257274734096
1002,4.369590403510761,0.7737430167597765,0.658639373871162
1003,4.3695656800803215,0.7751396648044693,0.658639373871162
1004,4.369432269041333,0.7751396648044693,0.6588400561910496
1005,4.369312436669167,0.776536312849162,0.6588400561910496
1006,4.369154344741583,0.776536312849162,0.6589403973509934
1007,4.36914972232,0.7779329608938548,0.6589403973509934
1008,4.368652477423666,0.7779329608938548,0.6595424443106562
1009,4.368589716598484,0.7793296089385475,0.6595424443106562
1010,4.3684942324914084,0.7793296089385475,0.6598434677904876
1011,4.36845958946125,0.7807262569832403,0.6598434677904876
1012,4.3673915494886675,0.7807262569832403,0.6610475617098134
1013,4.367292557029564,0.7821229050279329,0.6610475617098134
1014,4.366926354545998,0.7821229050279329,0.6614489263495886
1015,4.366916297776666,0.7835195530726257,0.6614489263495886
1016,4.366427938114834,0.7835195530726257,0.6620509733092514
1017,4.366337815473166,0.7849162011173184,0.6620509733092514
1018,4.365844148474752,0.7849162011173184,0.6632550672285772
1019,4.365821564988749,0.7863128491620112,0.6632550672285772
1020,4.3652986204439985,0.7863128491620112,0.6641581376680714
1021,4.365057209993166,0.7877094972067039,0.6641581376680714
1022,4.362777496196,0.7877094972067039,0.6683724663857115
1023,4.362777185006833,0.7891061452513967,0.6683724663857115
1024,4.362712496923531,0.7891061452513967,0.6687738310254867
1025,4.362629385053916,0.7905027932960894,0.6687738310254867
1026,4.362186849513547,0.7905027932960894,0.6694762191450934
1027,4.3621508588185,0.7918994413407822,0.6694762191450934
1028,4.361224735656333,0.7918994413407822,0.6705799719044753
1029,4.361163376941666,0.7932960893854749,0.6705799719044753
1030,4.356854243247058,0.7932960893854749,0.6756973710616094
1031,4.356778886912498,0.7946927374301676,0.6756973710616094
1032,4.35666402170025,0.7946927374301676,0.6757977122215533
1033,4.3566577407174165,0.7960893854748603,0.6757977122215533
1034,4.355743551859333,0.7960893854748603,0.677001806140879
1035,4.355297445177,0.797486033519553,0.677001806140879
1036,4.355177423978166,0.797486033519553,0.6771021473008227
1037,4.355066520238417,0.7988826815642458,0.6771021473008227
1038,4.353967041669857,0.7988826815642458,0.6780052177403171
1039,4.353955460431,0.8002793296089385,0.6780052177403171
1040,4.3494466005045,0.8002793296089385,0.6851294400963275
1041,4.3494389943854985,0.8016759776536313,0.6851294400963275
1042,4.348100248931611,0.8016759776536313,0.6858318282159341
1043,4.347835852146416,0.803072625698324,0.6858318282159341
1044,4.347520496938833,0.803072625698324,0.6863335340156532
1045,4.347490413516333,0.8044692737430168,0.6863335340156532
1046,4.3472673408145,0.8044692737430168,0.6867348986554285
1047,4.347258483205501,0.8058659217877095,0.6867348986554285
1048,4.342085938113333,0.8058659217877095,0.6928557094120008
1049,4.341890199542333,0.8072625698324022,0.6928557094120008
1050,4.34026934040425,0.8072625698324022,0.6951635560907085
1051,4.3402064591925,0.8086592178770949,0.6951635560907085
1052,4.33988598460925,0.8086592178770949,0.6954645795705399
1053,4.339495505298141,0.8100558659217877,0.6954645795705399
1054,4.337538234700698,0.8100558659217877,0.6977724262492474
1055,4.337367422958248,0.8114525139664804,0.6977724262492474
1056,4.336907219952999,0.8114525139664804,0.6981737908890226
1057,4.3368875769415,0.8128491620111732,0.6981737908890226
1058,4.33587768450725,0.8128491620111732,0.6998795906080675
1059,4.335797086363332,0.8142458100558659,0.6998795906080675
1060,4.33522363040725,0.8142458100558659,0.7012843668472808
1061,4.335031875338498,0.8156424581005587,0.7012843668472808
1062,4.3341387859915,0.8156424581005587,0.7017860726469998
1063,4.334080461924,0.8170391061452514,0.7017860726469998
1064,4.331871626311666,0.8170391061452514,0.7047963074453141
1065,4.33184689372425,0.8184357541899442,0.7047963074453141
1066,4.33038436300225,0.8184357541899442,0.7065021071643588
1067,4.330363771576916,0.8198324022346368,0.7065021071643588
1068,4.328370120440166,0.8198324022346368,0.709010636162954
1069,4.328216727793833,0.8212290502793296,0.709010636162954
1070,4.3250708251550005,0.8212290502793296,0.7129239414007625
1071,4.3250289412805,0.8226256983240223,0.7129239414007625
1072,4.32369022741288,0.8226256983240223,0.7138270118402569
1073,4.323600076913126,0.8240223463687151,0.7138270118402569
1074,4.323560895754167,0.8240223463687151,0.7140276941601444
1075,4.3234492272015,0.8254189944134078,0.7140276941601444
1076,4.321735714133248,0.8254189944134078,0.7159341761990768
1077,4.321641571947667,0.8268156424581006,0.7159341761990768
1078,4.3212029005735,0.8268156424581006,0.7165362231587397
1079,4.321180778735833,0.8282122905027933,0.7165362231587397
1080,4.320832915413834,0.8282122905027933,0.717439293598234
1081,4.320597537793166,0.8296089385474861,0.717439293598234
1082,4.320586072584575,0.8296089385474861,0.7175396347581778
1083,4.320419326141666,0.8310055865921788,0.7175396347581778
1084,4.316963020967498,0.8310055865921788,0.7207505518763797
1085,4.316694070739248,0.8324022346368715,0.7207505518763797
1086,4.3129659926795,0.8324022346368715,0.7267710214730082
1087,4.312874029685679,0.8337988826815642,0.7267710214730082
1088,4.310721044826333,0.8337988826815642,0.728978526991772
1089,4.310676100707499,0.835195530726257,0.728978526991772
1090,4.30989614306325,0.835195530726257,0.7300822797511539
1091,4.3097749839130834,0.8365921787709497,0.7300822797511539
1092,4.3088002657405005,0.8365921787709497,0.7315873971503111
1093,4.308594537026498,0.8379888268156425,0.7315873971503111
1094,4.307715345499983,0.8379888268156425,0.7320891029500302
1095,4.30770593511075,0.8393854748603352,0.7320891029500302
1096,4.3075565500064155,0.8393854748603352,0.7324904675898053
1097,4.307452021086166,0.840782122905028,0.7324904675898053
1098,4.307345692553167,0.840782122905028,0.732691149909693
1099,4.307344311982024,0.8421787709497207,0.732691149909693
1100,4.307138127272166,0.8421787709497207,0.733192855709412
1101,4.3068470510224985,0.8435754189944135,0.733192855709412
1102,4.306064020695248,0.8435754189944135,0.7339955849889624
1103,4.3060528061916665,0.8449720670391061,0.7339955849889624
1104,4.306046909510417,0.8449720670391061,0.7340959261489063
1105,4.306042735731726,0.8463687150837989,0.7340959261489063
1106,4.305994869567361,0.8463687150837989,0.7342966084687939
1107,4.305562323699666,0.8477653631284916,0.7342966084687939
1108,4.304550414647498,0.8477653631284916,0.7359020670278948
1109,4.304547828029,0.8491620111731844,0.7359020670278948
1110,4.304372811916,0.8491620111731844,0.7362030905077263
1111,4.304299950982082,0.8505586592178771,0.7362030905077263
1112,4.303706240575498,0.8505586592178771,0.7373068432671082
1113,4.303627054905332,0.8519553072625698,0.7373068432671082
1114,4.302231584513999,0.8519553072625698,0.7386112783463776
1115,4.302168745655166,0.8533519553072626,0.7386112783463776
1116,4.301965020302917,0.8533519553072626,0.7390126429861529
1117,4.301866297766833,0.8547486033519553,0.7390126429861529
1118,4.30029103059925,0.8547486033519553,0.7415211719847481
1119,4.3001950397239135,0.8561452513966481,0.7415211719847481
1120,4.29946557879975,0.8561452513966481,0.74262492474413
1121,4.299256903131374,0.8575418994413407,0.74262492474413
1122,4.298483489114916,0.8575418994413407,0.7431266305438491
1123,4.298474760453928,0.8589385474860335,0.7431266305438491
1124,4.297751167101755,0.8589385474860335,0.7443307244631748
1125,4.297592993369833,0.8603351955307262,0.7443307244631748
1126,4.297454669522357,0.8603351955307262,0.7448324302628938
1127,4.297453878149659,0.861731843575419,0.7448324302628938
1128,4.294086669837159,0.861731843575419,0.7481436885410395
1129,4.294011827185,0.8631284916201117,0.7481436885410395
1130,4.2936088449985,0.8631284916201117,0.7486453943407586
1131,4.29358433467523,0.8645251396648045,0.7486453943407586
1132,4.2898947105901675,0.8645251396648045,0.7521573349387919
1133,4.289891231059714,0.8659217877094972,0.7521573349387919
1134,4.288041848355024,0.8659217877094972,0.7537627934978929
1135,4.287989519927167,0.86731843575419,0.7537627934978929
1136,4.2872827348474285,0.86731843575419,0.7544651816174995
1137,4.2872415420152485,0.8687150837988827,0.7544651816174995
1138,4.28614250925175,0.8687150837988827,0.7556692755368252
1139,4.28613495646932,0.8701117318435754,0.7556692755368252
1140,4.278096055334418,0.8701117318435754,0.7643989564519366
1141,4.2780690234915,0.8715083798882681,0.7643989564519366
1142,4.277553753619916,0.8715083798882681,0.7650010034115995
1143,4.277501155133249,0.8729050279329609,0.7650010034115995
1144,4.277030688785392,0.8729050279329609,0.7656030503712623
1145,4.27699678622875,0.8743016759776536,0.7656030503712623
1146,4.275572105087428,0.8743016759776536,0.7680112382099137
1147,4.275414245174647,0.8756983240223464,0.7680112382099137
1148,4.273620318291333,0.8756983240223464,0.7700180614087899
1149,4.273602046774,0.8770949720670391,0.7700180614087899
1150,4.269219097122499,0.8770949720670391,0.7745334136062613
1151,4.269197987878332,0.8784916201117319,0.7745334136062613
1152,4.267234942838833,0.8784916201117319,0.7768412602849689
1153,4.2670952600379985,0.8798882681564246,0.7768412602849689
1154,4.262822768246751,0.8798882681564246,0.7820590006020469
1155,4.262768003033998,0.8812849162011173,0.7820590006020469
1156,4.259520137705845,0.8812849162011173,0.784667870760586
1157,4.2594961503397135,0.88268156424581,0.784667870760586
1158,4.259099925554892,0.88268156424581,0.7849688942404174
1159,4.258983461893822,0.8840782122905028,0.7849688942404174
1160,4.254473237609167,0.8840782122905028,0.7903873168773831
1161,4.2544459211108325,0.8854748603351955,0.7903873168773831
1162,4.2534389433399165,0.8854748603351955,0.791491069636765
1163,4.253306775712408,0.8868715083798883,0.791491069636765
1164,4.250410378662818,0.8868715083798883,0.7948023279149107
1165,4.25034552772725,0.888268156424581,0.7948023279149107
1166,4.2472165274955,0.888268156424581,0.7986152919927755
1167,4.247212423047249,0.8896648044692738,0.7986152919927755
1168,4.244773074069999,0.8896648044692738,0.8011238209913707
1169,4.244602796635512,0.8910614525139665,0.8011238209913707
1170,4.242712103278916,0.8910614525139665,0.8027292795504716
1171,4.242633725937833,0.8924581005586593,0.8027292795504716
1172,4.2418502117219985,0.8924581005586593,0.8037326911499096
1173,4.24171971838425,0.8938547486033519,0.8037326911499096
1174,4.240727795831,0.8938547486033519,0.8049367850692354
1175,4.240697680564928,0.8952513966480447,0.8049367850692354
1176,4.237979388887659,0.8952513966480447,0.8078466787076058
1177,4.237971934213416,0.8966480446927374,0.8078466787076058
1178,4.2378345703742495,0.8966480446927374,0.8079470198675497
1179,4.237830619004,0.8980446927374302,0.8079470198675497
1180,4.235548770904,0.8980446927374302,0.8107565723459763
1181,4.235197056254818,0.9008379888268156,0.8107565723459763
1182,4.233269569676333,0.9008379888268156,0.8127633955448526
1183,4.233206131726319,0.9022346368715084,0.8127633955448526
1184,4.2330430034566655,0.9022346368715084,0.8128637367047963
1185,4.233027354073084,0.9036312849162011,0.8128637367047963
1186,4.23243440669775,0.9036312849162011,0.8133654425045154
1187,4.232420019924178,0.9050279329608939,0.8133654425045154
1188,4.230748443403666,0.9050279329608939,0.8145695364238411
1189,4.230402236834666,0.9064245810055865,0.8145695364238411
1190,4.2263399785844165,0.9064245810055865,0.817780453542043
1191,4.2260001986427485,0.909217877094972,0.817780453542043
1192,4.223677339870583,0.909217877094972,0.8196869355809753
1193,4.2234741159624765,0.9106145251396648,0.8196869355809753
1194,4.222373140926476,0.9106145251396648,0.8209913706602449
1195,4.222129541915951,0.9120111731843575,0.8209913706602449
1196,4.220488328190333,0.9120111731843575,0.8221954645795705
1197,4.220469319618569,0.9134078212290503,0.8221954645795705
1198,4.219354288974,0.9134078212290503,0.8231988761790087
1199,4.219243067888,0.914804469273743,0.8231988761790087
1200,4.2188134075094155,0.914804469273743,0.8237005819787276
1201,4.21872361466025,0.9162011173184358,0.8237005819787276
1202,4.215580038381363,0.9162011173184358,0.8280152518563114
1203,4.215565094607333,0.9175977653631285,0.8280152518563114
1204,4.213708874807694,0.9175977653631285,0.8301224162151315
1205,4.213700049518248,0.9189944134078212,0.8301224162151315
1206,4.211591913246999,0.9189944134078212,0.8322295805739515
1207,4.211403691360498,0.9203910614525139,0.8322295805739515
1208,4.2088933960274515,0.9203910614525139,0.8352398153722657
1209,4.208642769936166,0.9217877094972067,0.8352398153722657
1210,4.206811635086211,0.9217877094972067,0.8366445916114791
1211,4.2067203396568615,0.9231843575418994,0.8366445916114791
1212,4.202066063404,0.9231843575418994,0.8407585791691752
1213,4.2018774895113316,0.9245810055865922,0.8407585791691752
1214,4.19448852200425,0.9245810055865922,0.8467790487658038
1215,4.194452925956998,0.9259776536312849,0.8467790487658038
1216,4.189494827550595,0.9259776536312849,0.852398153722657
1217,4.189462739523,0.9273743016759777,0.852398153722657
1218,4.1880290909585,0.9273743016759777,0.8534015653220951
1219,4.187949128438083,0.9287709497206704,0.8534015653220951
1220,4.187100868504166,0.9287709497206704,0.854003612281758
1221,4.18707395858925,0.9301675977653632,0.854003612281758
1222,4.1856743177572495,0.9301675977653632,0.8552077062010837
1223,4.18562073607025,0.9315642458100558,0.8552077062010837
1224,4.181418243214,0.9315642458100558,0.8589203291190046
1225,4.181346676364593,0.9329608938547486,0.8589203291190046
1226,4.177551777825203,0.9329608938547486,0.8623319285570942
1227,4.177509436857166,0.9343575418994413,0.8623319285570942
1228,4.177030217408667,0.9343575418994413,0.8627332931968693
1229,4.17699543971907,0.9357541899441341,0.8627332931968693
1230,4.175719718469999,0.9357541899441341,0.8637367047963075
1231,4.1756499951491675,0.9371508379888268,0.8637367047963075
1232,4.1724604655055835,0.9371508379888268,0.866646598434678
1233,4.172305587497833,0.9385474860335196,0.866646598434678
1234,4.170694221000999,0.9385474860335196,0.8675496688741722
1235,4.170655495560583,0.9399441340782123,0.8675496688741722
1236,4.169719443048833,0.9399441340782123,0.8684527393136665
1237,4.1697059151955,0.9413407821229051,0.8684527393136665
1238,4.165706064443999,0.9413407821229051,0.8726670680313064
1239,4.165401057787814,0.9427374301675978,0.8726670680313064
1240,4.1653047848595,0.9427374301675978,0.872867750351194
1241,4.1651648786054984,0.9441340782122905,0.872867750351194
1242,4.1631174104739985,0.9441340782122905,0.8733694561509131
1243,4.16276529196325,0.9455307262569832,0.8733694561509131
1244,4.1523079844070825,0.9455307262569832,0.8817981135861931
1245,4.1522952807073334,0.946927374301676,0.8817981135861931
1246,4.143972320518666,0.946927374301676,0.8868151715833835
1247,4.143916035161333,0.9483240223463687,0.8868151715833835
1248,4.138984445486166,0.9483240223463687,0.890226771021473
1249,4.138854946743998,0.9497206703910615,0.890226771021473
1250,4.1383681302175,0.9497206703910615,0.8904274533413606
1251,4.138028544750917,0.9511173184357542,0.8904274533413606
1252,4.134649455130833,0.9511173184357542,0.8924342765402368
1253,4.1346402751542985,0.952513966480447,0.8924342765402368
1254,4.131349131127998,0.952513966480447,0.8938390527794501
1255,4.131326322617666,0.9539106145251397,0.8938390527794501
1256,4.127831558031083,0.9539106145251397,0.8961468994581577
1257,4.127493100317833,0.9553072625698324,0.8961468994581577
1258,4.126748877186248,0.9553072625698324,0.8967489464178205
1259,4.12674012551025,0.9567039106145251,0.8967489464178205
1260,4.124870803461167,0.9567039106145251,0.897551675697371
1261,4.124866265436332,0.9581005586592178,0.897551675697371
1262,4.122739107717333,0.9581005586592178,0.8982540638169777
1263,4.122660519661832,0.9594972067039106,0.8982540638169777
1264,4.113837497161666,0.9594972067039106,0.9047762392133253
1265,4.113778820753082,0.9608938547486033,0.9047762392133253
1266,4.111493006296,0.9608938547486033,0.9060806742925949
1267,4.111311338035498,0.9636871508379888,0.9060806742925949
1268,4.109392571597143,0.9636871508379888,0.9069837447320891
1269,4.109105781108737,0.9650837988826816,0.9069837447320891
1270,4.1068624899414985,0.9650837988826816,0.9084888621312462
1271,4.106727857078498,0.9664804469273743,0.9084888621312462
1272,4.102707640176863,0.9664804469273743,0.9108970499698976
1273,4.102580392152476,0.9678770949720671,0.9108970499698976
1274,4.099187943767917,0.9678770949720671,0.9127031908488862
1275,4.098985563899613,0.9692737430167597,0.9127031908488862
1276,4.090873351069666,0.9692737430167597,0.9173188842063015
1277,4.090208984892583,0.9706703910614525,0.9173188842063015
1278,4.0860393054268345,0.9706703910614525,0.9183222958057395
1279,4.08594419417323,0.9720670391061452,0.9183222958057395
1280,4.0633032598825,0.9720670391061452,0.9296608468793899
1281,4.0631604871018325,0.973463687150838,0.9296608468793899
1282,4.062200919154011,0.973463687150838,0.930664258478828
1283,4.061698763873165,0.9748603351955307,0.930664258478828
1284,4.0589493835656905,0.9748603351955307,0.9309652819586595
1285,4.058876442966653,0.9762569832402235,0.9309652819586595
1286,4.043284015464,0.9762569832402235,0.9370860927152318
1287,4.042908160125498,0.9776536312849162,0.9370860927152318
1288,4.0360384256533335,0.9776536312849162,0.9381898454746137
1289,4.035799957460818,0.979050279329609,0.9381898454746137
1290,4.030023951728499,0.979050279329609,0.9403973509933775
1291,4.029911197025084,0.9804469273743017,0.9403973509933775
1292,4.028417258961333,0.9804469273743017,0.9408990567930965
1293,4.028029240888822,0.9818435754189944,0.9408990567930965
1294,4.009288662733,0.9818435754189944,0.9476219145093318
1295,4.009151635664,0.9832402234636871,0.9476219145093318
1296,3.998447512663,0.9832402234636871,0.9505318081477022
1297,3.998235046791249,0.9846368715083799,0.9505318081477022
1298,3.994266575243113,0.9846368715083799,0.9512341962673089
1299,3.9936754371972496,0.9860335195530726,0.9512341962673089
1300,3.97544372002875,0.9860335195530726,0.9544451133855107
1301,3.9753959171272784,0.9874301675977654,0.9544451133855107
1302,3.9699900525161658,0.9874301675977654,0.955348183825005
1303,3.9699538696347485,0.9888268156424581,0.955348183825005
1304,3.922798252743916,0.9888268156424581,0.963275135460566
1305,3.922205394806447,0.9902234636871509,0.963275135460566
1306,3.8932339498467274,0.9902234636871509,0.9672887818583182
1307,3.892192100691583,0.9916201117318436,0.9672887818583182
1308,3.80733009496175,0.9916201117318436,0.9767208508930363
1309,3.805903532587749,0.9930167597765364,0.9767208508930363
1310,3.7890657729520822,0.9930167597765364,0.9776239213325306
1311,3.78888005586928,0.994413407821229,0.9776239213325306
1312,3.7812651450274983,0.994413407821229,0.9782259682921934
1313,3.7808809662339997,0.9958100558659218,0.9782259682921934
1314,3.6926597605270834,0.9958100558659218,0.9836443909291591
1315,3.691784489529197,0.9972067039106145,0.9836443909291591
1316,3.6379717353522265,0.9972067039106145,0.9854505318081477
1317,3.6354798670707216,0.9986033519553073,0.9854505318081477
1318,3.5281513101714768,0.9986033519553073,0.9878587196467992
1319,3.5219244329500827,1.0,0.9878587196467992
1320,2.426337852073833,1.0,1.0
